{"cameraMode":{"drawMode":0,"name":"Shaded","section":"Shading Mode"},"sceneLighting":false,"audioPlay":false,"sceneViewState":{"m_AlwaysRefresh":true,"showFog":true,"showSkybox":false,"showFlares":true,"showImageEffects":true,"showParticleSystems":true,"showVisualEffectGraphs":true,"m_FxEnabled":true},"in2DMode":false,"pivot":{"x":27.06941032409668,"y":11.358558654785157,"z":125.6613998413086},"rotation":{"x":0.6750936508178711,"y":0.2406686395406723,"z":-0.24949365854263307,"w":0.6512172818183899},"size":0.15189751982688905,"orthographic":true}