{"cameraMode":{"drawMode":0,"name":"Shaded","section":"Shading Mode"},"sceneLighting":false,"audioPlay":false,"sceneViewState":{"m_AlwaysRefresh":true,"showFog":true,"showSkybox":false,"showFlares":true,"showImageEffects":true,"showParticleSystems":true,"showVisualEffectGraphs":true,"m_FxEnabled":true},"in2DMode":false,"pivot":{"x":27.142196655273439,"y":11.473779678344727,"z":125.56200408935547},"rotation":{"x":0.01635683886706829,"y":0.9023900032043457,"z":-0.034398000687360767,"w":0.4292413294315338},"size":0.6308651566505432,"orthographic":true}