{"cameraMode":{"drawMode":0,"name":"Shaded","section":"Shading Mode"},"sceneLighting":false,"audioPlay":false,"sceneViewState":{"m_AlwaysRefresh":true,"showFog":true,"showSkybox":false,"showFlares":true,"showImageEffects":true,"showParticleSystems":true,"showVisualEffectGraphs":true,"m_FxEnabled":true},"in2DMode":false,"pivot":{"x":28.014719009399415,"y":10.904939651489258,"z":125.53671264648438},"rotation":{"x":0.11414185166358948,"y":0.7093324065208435,"z":-0.11811348050832749,"w":0.6854750514030457},"size":0.8660253882408142,"orthographic":false}