{"cameraMode":{"drawMode":0,"name":"Shaded","section":"Shading Mode"},"sceneLighting":false,"audioPlay":false,"sceneViewState":{"m_AlwaysRefresh":true,"showFog":true,"showSkybox":false,"showFlares":true,"showImageEffects":true,"showParticleSystems":true,"showVisualEffectGraphs":true,"m_FxEnabled":true},"in2DMode":false,"pivot":{"x":27.131999969482423,"y":11.25167465209961,"z":125.13130950927735},"rotation":{"x":0.13406386971473695,"y":0.6520560383796692,"z":-0.11865408718585968,"w":0.7367345690727234},"size":0.2660253643989563,"orthographic":false}