{"cameraMode":{"drawMode":0,"name":"Shaded","section":"Shading Mode"},"sceneLighting":false,"audioPlay":false,"sceneViewState":{"m_AlwaysRefresh":true,"showFog":true,"showSkybox":false,"showFlares":true,"showImageEffects":true,"showParticleSystems":true,"showVisualEffectGraphs":true,"m_FxEnabled":true},"in2DMode":false,"pivot":{"x":0.5532082915306091,"y":-0.34829288721084597,"z":0.022458098828792573},"rotation":{"x":-0.35902461409568789,"y":0.5835270285606384,"z":-0.3203318119049072,"w":-0.6544070243835449},"size":1.1660254001617432,"orthographic":false}