{"cameraMode":{"drawMode":0,"name":"Shaded","section":"Shading Mode"},"sceneLighting":false,"audioPlay":false,"sceneViewState":{"m_AlwaysRefresh":true,"showFog":true,"showSkybox":false,"showFlares":true,"showImageEffects":true,"showParticleSystems":true,"showVisualEffectGraphs":true,"m_FxEnabled":true},"in2DMode":false,"pivot":{"x":0.004524946212768555,"y":0.01511259563267231,"z":0.22439908981323243},"rotation":{"x":-0.0015534400008618832,"y":0.9865912199020386,"z":-0.16367429494857789,"w":-0.00990615226328373},"size":3.454613208770752,"orthographic":false}