{"cameraMode":{"drawMode":0,"name":"Shaded","section":"Shading Mode"},"sceneLighting":true,"audioPlay":false,"sceneViewState":{"m_AlwaysRefresh":true,"showFog":true,"showSkybox":true,"showFlares":true,"showImageEffects":true,"showParticleSystems":true,"showVisualEffectGraphs":true,"m_FxEnabled":true},"in2DMode":false,"pivot":{"x":-3.944413185119629,"y":2.505770683288574,"z":5.513120174407959},"rotation":{"x":0.0066920118406414989,"y":0.992699146270752,"z":0.10100684314966202,"w":-0.0659143254160881},"size":0.32939988374710085,"orthographic":false}