{"cameraMode":{"drawMode":0,"name":"Shaded","section":"Shading Mode"},"sceneLighting":true,"audioPlay":false,"sceneViewState":{"m_AlwaysRefresh":true,"showFog":true,"showSkybox":true,"showFlares":true,"showImageEffects":true,"showParticleSystems":true,"showVisualEffectGraphs":true,"m_FxEnabled":true},"in2DMode":false,"pivot":{"x":0.044768910855054858,"y":0.28804120421409609,"z":0.36310577392578127},"rotation":{"x":0.09287473559379578,"y":-0.7344907522201538,"z":0.1026802584528923,"w":0.6643475890159607},"size":0.4507107436656952,"orthographic":false}