{"cameraMode":{"drawMode":0,"name":"Shaded","section":"Shading Mode"},"sceneLighting":true,"audioPlay":false,"sceneViewState":{"m_AlwaysRefresh":true,"showFog":true,"showSkybox":true,"showFlares":true,"showImageEffects":true,"showParticleSystems":true,"showVisualEffectGraphs":true,"m_FxEnabled":true},"in2DMode":false,"pivot":{"x":-7.486579895019531,"y":2.5749576091766359,"z":-2.0502376556396486},"rotation":{"x":-0.13176758587360383,"y":0.23059150576591493,"z":-0.03152792900800705,"w":-0.9636085033416748},"size":0.32939988374710085,"orthographic":false}