{"cameraMode":{"drawMode":0,"name":"Shaded","section":"Shading Mode"},"sceneLighting":true,"audioPlay":false,"sceneViewState":{"m_AlwaysRefresh":true,"showFog":true,"showSkybox":true,"showFlares":true,"showImageEffects":true,"showParticleSystems":true,"showVisualEffectGraphs":true,"m_FxEnabled":true},"in2DMode":false,"pivot":{"x":-0.5297896265983582,"y":0.22867317497730256,"z":-1.026652216911316},"rotation":{"x":0.025310900062322618,"y":-0.9257853627204895,"z":0.05735904723405838,"w":0.3730684518814087},"size":0.4849742352962494,"orthographic":false}