{"cameraMode":{"drawMode":0,"name":"Shaded","section":"Shading Mode"},"sceneLighting":true,"audioPlay":false,"sceneViewState":{"m_AlwaysRefresh":true,"showFog":true,"showSkybox":true,"showFlares":true,"showImageEffects":true,"showParticleSystems":true,"showVisualEffectGraphs":true,"m_FxEnabled":true},"in2DMode":false,"pivot":{"x":-2.314448595046997,"y":5.515064716339111,"z":9.760722160339356},"rotation":{"x":0.02193903923034668,"y":0.9759784936904907,"z":-0.11738629639148712,"w":0.18242841958999635},"size":0.32939988374710085,"orthographic":false}