{"cameraMode":{"drawMode":0,"name":"Shaded","section":"Shading Mode"},"sceneLighting":true,"audioPlay":false,"sceneViewState":{"m_AlwaysRefresh":true,"showFog":true,"showSkybox":true,"showFlares":true,"showImageEffects":true,"showParticleSystems":true,"showVisualEffectGraphs":true,"m_FxEnabled":true},"in2DMode":false,"pivot":{"x":0.3849636912345886,"y":0.06420989334583283,"z":0.3824520409107208},"rotation":{"x":-0.08629410713911057,"y":-0.730803906917572,"z":0.09420827776193619,"w":-0.6706326007843018},"size":0.8660253882408142,"orthographic":false}