{"cameraMode":{"drawMode":0,"name":"Shaded","section":"Shading Mode"},"sceneLighting":true,"audioPlay":false,"sceneViewState":{"m_AlwaysRefresh":true,"showFog":true,"showSkybox":true,"showFlares":true,"showImageEffects":true,"showParticleSystems":true,"showVisualEffectGraphs":true,"m_FxEnabled":true},"in2DMode":false,"pivot":{"x":3.0120954513549806,"y":3.6719117164611818,"z":3.3121225833892824},"rotation":{"x":-0.0010991634335368872,"y":-0.9597811102867127,"z":0.28090089559555056,"w":-0.011131332255899907},"size":2.36602520942688,"orthographic":false}