{"cameraMode":{"drawMode":0,"name":"Shaded","section":"Shading Mode"},"sceneLighting":true,"audioPlay":false,"sceneViewState":{"m_AlwaysRefresh":true,"showFog":true,"showSkybox":true,"showFlares":true,"showImageEffects":true,"showParticleSystems":true,"showVisualEffectGraphs":true,"m_FxEnabled":true},"in2DMode":false,"pivot":{"x":-12.334421157836914,"y":4.88757848739624,"z":-8.467811584472657},"rotation":{"x":0.03272894769906998,"y":0.22533614933490754,"z":-0.007578445598483086,"w":0.9737391471862793},"size":0.32939988374710085,"orthographic":false}