{"cameraMode":{"drawMode":0,"name":"Shaded","section":"Shading Mode"},"sceneLighting":true,"audioPlay":false,"sceneViewState":{"m_AlwaysRefresh":true,"showFog":true,"showSkybox":true,"showFlares":true,"showImageEffects":true,"showParticleSystems":true,"showVisualEffectGraphs":true,"m_FxEnabled":true},"in2DMode":false,"pivot":{"x":1.0511740446090699,"y":1.047943353652954,"z":0.9713503122329712},"rotation":{"x":-0.040809061378240588,"y":0.9464011788368225,"z":-0.13232257962226869,"w":-0.2922618091106415},"size":0.2616857588291168,"orthographic":false}