{"cameraMode":{"drawMode":0,"name":"Shaded","section":"Shading Mode"},"sceneLighting":true,"audioPlay":false,"sceneViewState":{"m_AlwaysRefresh":true,"showFog":true,"showSkybox":true,"showFlares":true,"showImageEffects":true,"showParticleSystems":true,"showVisualEffectGraphs":true,"m_FxEnabled":true},"in2DMode":false,"pivot":{"x":3.7841947078704836,"y":-9.026808738708496,"z":-40.760597229003909},"rotation":{"x":0.01127319410443306,"y":0.9864468574523926,"z":-0.12727251648902894,"w":0.10352859646081925},"size":34.88071060180664,"orthographic":false}