{"cameraMode":{"drawMode":0,"name":"Shaded","section":"Shading Mode"},"sceneLighting":false,"audioPlay":false,"sceneViewState":{"m_AlwaysRefresh":true,"showFog":true,"showSkybox":false,"showFlares":true,"showImageEffects":true,"showParticleSystems":true,"showVisualEffectGraphs":true,"m_FxEnabled":true},"in2DMode":false,"pivot":{"x":-2.8439724445343019,"y":-8.923768997192383,"z":11.076128005981446},"rotation":{"x":-0.0032554420176893474,"y":0.9963528513908386,"z":-0.07276083528995514,"w":-0.044570330530405048},"size":1.1374952793121338,"orthographic":false}